instance,method,runs,avg_runtime_sec,avg_vehicles,avg_distance,best_vehicles,best_distance,best_q_table_json,best_action_count_table_json
c101.txt,SA,2,1831.3254909499956,17.5,1508.0157480853936,17,1504.950026850378,,
c102.txt,SA,2,1609.5897773999895,15.5,1441.6703072632404,15,1441.6961982390524,,
