instance,method,runs,avg_runtime_sec,avg_vehicles,avg_distance,best_vehicles,best_distance,best_q_table_json,best_action_count_table_json
c101.txt,SA,2,1504.9329387499893,17.0,1453.34194243514,17,1401.7338580199018,,
c201.txt,SA,2,1215.8401490999968,10.5,1425.2163156610422,10,1395.0990732958012,,
r101.txt,SA,2,1776.2192244000034,23.0,1929.5952598629704,22,1865.0536084552866,,
r201.txt,SA,2,1140.9564567000198,9.5,1586.0297653302366,9,1586.3341680493816,,
rc102.txt,SA,2,1678.6724320000212,18.5,1888.559454286119,18,1829.4230268310353,,
rc201.txt,SA,2,1258.3391700999637,10.0,1829.1895711634434,9,1806.4898443769275,,
