instance,method,runs,avg_runtime_sec,avg_vehicles,avg_distance,best_vehicles,best_distance,best_q_table_json,best_action_count_table_json
c101.txt,GA,2,1507.5813037500193,19.5,3060.9218224772285,19,2911.157953882962,,
c102.txt,GA,2,1379.0358249499986,15.5,2612.4031311646463,15,2397.2154502620306,,
