instance,method,runs,avg_runtime_sec,avg_vehicles,avg_distance,best_vehicles,best_distance,best_q_table_json,best_action_count_table_json
c101.txt,GA,2,1488.2739271999744,19.5,2987.328932942858,19,2763.972174814221,,
c201.txt,GA,2,1294.5958097999974,11.5,2689.942089202527,11,2816.5446001221653,,
r101.txt,GA,2,1780.9620172499854,27.0,2364.1789048076184,27,2361.899392580728,,
r201.txt,GA,2,1148.4076423000079,11.0,2414.7434980641883,11,2406.3658978171034,,
rc102.txt,GA,2,1569.266147199989,21.5,2595.8222725454953,21,2558.211157839579,,
rc201.txt,GA,2,1157.3964483000163,10.5,2928.00597497898,10,2912.7253219766526,,
