instance,method,runs,avg_runtime_sec,avg_vehicles,avg_distance,best_vehicles,best_distance,best_q_table_json,best_action_count_table_json
c101.txt,TS,2,1456.8427614000102,19.5,1579.096201665941,18,1521.9453017005776,,
c201.txt,TS,2,1199.8356648499903,11.5,1306.426383587071,10,1224.5176159917937,,
r101.txt,TS,2,1696.980350500031,26.0,1946.647530707029,25,1923.804864951945,,
r201.txt,TS,2,1174.9584278999828,11.5,1525.3014249419716,10,1572.591375072761,,
rc102.txt,TS,2,1465.2881497500057,20.0,1883.4414848119436,20,1870.5942511263102,,
rc201.txt,TS,2,1190.501093800005,13.5,1854.1425213559514,12,1890.0102193472153,,
