instance,method,runs,avg_runtime_sec,avg_vehicles,avg_distance,best_vehicles,best_distance,best_q_table_json,best_action_count_table_json
c101.txt,TS,2,1522.3946986000228,19.0,1532.7704259316179,17,1429.2937502319314,,
c102.txt,TS,2,1347.5444944000046,17.5,1454.486238487454,17,1442.9672165188529,,
