instance,method,runs,avg_runtime_sec,avg_vehicles,avg_distance,best_vehicles,best_distance,best_q_table_json,best_action_count_table_json
c101.txt,MAS,2,3507.507634199981,17.0,1568.2317475822229,17,1551.564425129613,,
c201.txt,MAS,2,3000.0634213500016,10.0,1481.0627516571535,10,1437.4495474062016,,
r101.txt,MAS,2,4206.02056325,23.0,2005.419149520973,22,2007.170160672444,,
r201.txt,MAS,2,2748.5044508000137,8.5,1564.0221520096634,8,1608.2364418724828,,
rc102.txt,MAS,2,3660.807359449973,17.5,1871.5874045177075,17,1861.4583149387736,,
rc201.txt,MAS,2,2943.600879800011,9.5,1933.104427039038,9,1974.030343273213,,
